,tile_ID,geometry,position
0,0,"POLYGON ((-74.0472219 40.68394109999999, -74.0472219 40.68904996283504, -74.0404845353691 40.68904996283504, -74.0404845353691 40.68394109999999, -74.0472219 40.68394109999999))","[0, 0]"
1,1,"POLYGON ((-74.0472219 40.68904996283504, -74.0472219 40.69415843402594, -74.0404845353691 40.69415843402594, -74.0404845353691 40.68904996283504, -74.0472219 40.68904996283504))","[0, 1]"
2,2,"POLYGON ((-74.0472219 40.69926651356212, -74.0472219 40.70437420143299, -74.0404845353691 40.70437420143299, -74.0404845353691 40.69926651356212, -74.0472219 40.69926651356212))","[0, 3]"
3,3,"POLYGON ((-74.0404845353691 40.69415843402594, -74.0404845353691 40.69926651356212, -74.0337471707382 40.69926651356212, -74.0337471707382 40.69415843402594, -74.0404845353691 40.69415843402594))","[1, 2]"
4,4,"POLYGON ((-74.0404845353691 40.69926651356212, -74.0404845353691 40.70437420143299, -74.0337471707382 40.70437420143299, -74.0337471707382 40.69926651356212, -74.0404845353691 40.69926651356212))","[1, 3]"
5,5,"POLYGON ((-74.0270098061073 40.68394109999999, -74.0270098061073 40.68904996283504, -74.02027244147641 40.68904996283504, -74.02027244147641 40.68394109999999, -74.0270098061073 40.68394109999999))","[3, 0]"
6,6,"POLYGON ((-74.0270098061073 40.68904996283504, -74.0270098061073 40.69415843402594, -74.02027244147641 40.69415843402594, -74.02027244147641 40.68904996283504, -74.0270098061073 40.68904996283504))","[3, 1]"
7,7,"POLYGON ((-74.02027244147641 40.68394109999999, -74.02027244147641 40.68904996283504, -74.0135350768455 40.68904996283504, -74.0135350768455 40.68394109999999, -74.02027244147641 40.68394109999999))","[4, 0]"
8,8,"POLYGON ((-74.02027244147641 40.68904996283504, -74.02027244147641 40.69415843402594, -74.0135350768455 40.69415843402594, -74.0135350768455 40.68904996283504, -74.02027244147641 40.68904996283504))","[4, 1]"
9,9,"POLYGON ((-74.02027244147641 40.69926651356212, -74.02027244147641 40.70437420143299, -74.0135350768455 40.70437420143299, -74.0135350768455 40.69926651356212, -74.02027244147641 40.69926651356212))","[4, 3]"
10,10,"POLYGON ((-74.02027244147641 40.70437420143299, -74.02027244147641 40.70948149762803, -74.0135350768455 40.70948149762803, -74.0135350768455 40.70437420143299, -74.02027244147641 40.70437420143299))","[4, 4]"
11,11,"POLYGON ((-74.02027244147641 40.70948149762803, -74.02027244147641 40.71458840213665, -74.0135350768455 40.71458840213665, -74.0135350768455 40.70948149762803, -74.02027244147641 40.70948149762803))","[4, 5]"
12,12,"POLYGON ((-74.02027244147641 40.71458840213665, -74.02027244147641 40.71969491494836, -74.0135350768455 40.71969491494836, -74.0135350768455 40.71458840213665, -74.02027244147641 40.71458840213665))","[4, 6]"
13,13,"POLYGON ((-74.02027244147641 40.71969491494836, -74.02027244147641 40.72480103605261, -74.0135350768455 40.72480103605261, -74.0135350768455 40.71969491494836, -74.02027244147641 40.71969491494836))","[4, 7]"
14,14,"POLYGON ((-74.02027244147641 40.72480103605261, -74.02027244147641 40.72990676543892, -74.0135350768455 40.72990676543892, -74.0135350768455 40.72480103605261, -74.02027244147641 40.72480103605261))","[4, 8]"
15,15,"POLYGON ((-74.02027244147641 40.72990676543892, -74.02027244147641 40.7350121030968, -74.0135350768455 40.7350121030968, -74.0135350768455 40.72990676543892, -74.02027244147641 40.72990676543892))","[4, 9]"
16,16,"POLYGON ((-74.0135350768455 40.68394109999999, -74.0135350768455 40.68904996283504, -74.00679771221461 40.68904996283504, -74.00679771221461 40.68394109999999, -74.0135350768455 40.68394109999999))","[5, 0]"
17,17,"POLYGON ((-74.0135350768455 40.68904996283504, -74.0135350768455 40.69415843402594, -74.00679771221461 40.69415843402594, -74.00679771221461 40.68904996283504, -74.0135350768455 40.68904996283504))","[5, 1]"
18,18,"POLYGON ((-74.0135350768455 40.69926651356212, -74.0135350768455 40.70437420143299, -74.00679771221461 40.70437420143299, -74.00679771221461 40.69926651356212, -74.0135350768455 40.69926651356212))","[5, 3]"
19,19,"POLYGON ((-74.0135350768455 40.70437420143299, -74.0135350768455 40.70948149762803, -74.00679771221461 40.70948149762803, -74.00679771221461 40.70437420143299, -74.0135350768455 40.70437420143299))","[5, 4]"
20,20,"POLYGON ((-74.0135350768455 40.70948149762803, -74.0135350768455 40.71458840213665, -74.00679771221461 40.71458840213665, -74.00679771221461 40.70948149762803, -74.0135350768455 40.70948149762803))","[5, 5]"
21,21,"POLYGON ((-74.0135350768455 40.71458840213665, -74.0135350768455 40.71969491494836, -74.00679771221461 40.71969491494836, -74.00679771221461 40.71458840213665, -74.0135350768455 40.71458840213665))","[5, 6]"
22,22,"POLYGON ((-74.0135350768455 40.71969491494836, -74.0135350768455 40.72480103605261, -74.00679771221461 40.72480103605261, -74.00679771221461 40.71969491494836, -74.0135350768455 40.71969491494836))","[5, 7]"
23,23,"POLYGON ((-74.0135350768455 40.72480103605261, -74.0135350768455 40.72990676543892, -74.00679771221461 40.72990676543892, -74.00679771221461 40.72480103605261, -74.0135350768455 40.72480103605261))","[5, 8]"
24,24,"POLYGON ((-74.0135350768455 40.72990676543892, -74.0135350768455 40.7350121030968, -74.00679771221461 40.7350121030968, -74.00679771221461 40.72990676543892, -74.0135350768455 40.72990676543892))","[5, 9]"
25,25,"POLYGON ((-74.0135350768455 40.7350121030968, -74.0135350768455 40.74011704901576, -74.00679771221461 40.74011704901576, -74.00679771221461 40.7350121030968, -74.0135350768455 40.7350121030968))","[5, 10]"
26,26,"POLYGON ((-74.0135350768455 40.74011704901576, -74.0135350768455 40.74522160318534, -74.00679771221461 40.74522160318534, -74.00679771221461 40.74011704901576, -74.0135350768455 40.74011704901576))","[5, 11]"
27,27,"POLYGON ((-74.0135350768455 40.74522160318534, -74.0135350768455 40.7503257655951, -74.00679771221461 40.7503257655951, -74.00679771221461 40.74522160318534, -74.0135350768455 40.74522160318534))","[5, 12]"
28,28,"POLYGON ((-74.0135350768455 40.7503257655951, -74.0135350768455 40.75542953623459, -74.00679771221461 40.75542953623459, -74.00679771221461 40.7503257655951, -74.0135350768455 40.7503257655951))","[5, 13]"
29,29,"POLYGON ((-74.0135350768455 40.75542953623459, -74.0135350768455 40.76053291509339, -74.00679771221461 40.76053291509339, -74.00679771221461 40.75542953623459, -74.0135350768455 40.75542953623459))","[5, 14]"
30,30,"POLYGON ((-74.00679771221461 40.69926651356212, -74.00679771221461 40.70437420143299, -74.00006034758371 40.70437420143299, -74.00006034758371 40.69926651356212, -74.00679771221461 40.69926651356212))","[6, 3]"
31,31,"POLYGON ((-74.00679771221461 40.70437420143299, -74.00679771221461 40.70948149762803, -74.00006034758371 40.70948149762803, -74.00006034758371 40.70437420143299, -74.00679771221461 40.70437420143299))","[6, 4]"
32,32,"POLYGON ((-74.00679771221461 40.70948149762803, -74.00679771221461 40.71458840213665, -74.00006034758371 40.71458840213665, -74.00006034758371 40.70948149762803, -74.00679771221461 40.70948149762803))","[6, 5]"
33,33,"POLYGON ((-74.00679771221461 40.71458840213665, -74.00679771221461 40.71969491494836, -74.00006034758371 40.71969491494836, -74.00006034758371 40.71458840213665, -74.00679771221461 40.71458840213665))","[6, 6]"
34,34,"POLYGON ((-74.00679771221461 40.71969491494836, -74.00679771221461 40.72480103605261, -74.00006034758371 40.72480103605261, -74.00006034758371 40.71969491494836, -74.00679771221461 40.71969491494836))","[6, 7]"
35,35,"POLYGON ((-74.00679771221461 40.72480103605261, -74.00679771221461 40.72990676543892, -74.00006034758371 40.72990676543892, -74.00006034758371 40.72480103605261, -74.00679771221461 40.72480103605261))","[6, 8]"
36,36,"POLYGON ((-74.00679771221461 40.72990676543892, -74.00679771221461 40.7350121030968, -74.00006034758371 40.7350121030968, -74.00006034758371 40.72990676543892, -74.00679771221461 40.72990676543892))","[6, 9]"
37,37,"POLYGON ((-74.00679771221461 40.7350121030968, -74.00679771221461 40.74011704901576, -74.00006034758371 40.74011704901576, -74.00006034758371 40.7350121030968, -74.00679771221461 40.7350121030968))","[6, 10]"
38,38,"POLYGON ((-74.00679771221461 40.74011704901576, -74.00679771221461 40.74522160318534, -74.00006034758371 40.74522160318534, -74.00006034758371 40.74011704901576, -74.00679771221461 40.74011704901576))","[6, 11]"
39,39,"POLYGON ((-74.00679771221461 40.74522160318534, -74.00679771221461 40.7503257655951, -74.00006034758371 40.7503257655951, -74.00006034758371 40.74522160318534, -74.00679771221461 40.74522160318534))","[6, 12]"
40,40,"POLYGON ((-74.00679771221461 40.7503257655951, -74.00679771221461 40.75542953623459, -74.00006034758371 40.75542953623459, -74.00006034758371 40.7503257655951, -74.00679771221461 40.7503257655951))","[6, 13]"
41,41,"POLYGON ((-74.00679771221461 40.75542953623459, -74.00679771221461 40.76053291509339, -74.00006034758371 40.76053291509339, -74.00006034758371 40.75542953623459, -74.00679771221461 40.75542953623459))","[6, 14]"
42,42,"POLYGON ((-74.00679771221461 40.76053291509339, -74.00679771221461 40.76563590216109, -74.00006034758371 40.76563590216109, -74.00006034758371 40.76053291509339, -74.00679771221461 40.76053291509339))","[6, 15]"
43,43,"POLYGON ((-74.00679771221461 40.76563590216109, -74.00679771221461 40.77073849742729, -74.00006034758371 40.77073849742729, -74.00006034758371 40.76563590216109, -74.00679771221461 40.76563590216109))","[6, 16]"
44,44,"POLYGON ((-74.00006034758371 40.70437420143299, -74.00006034758371 40.70948149762803, -73.99332298295282 40.70948149762803, -73.99332298295282 40.70437420143299, -74.00006034758371 40.70437420143299))","[7, 4]"
45,45,"POLYGON ((-74.00006034758371 40.70948149762803, -74.00006034758371 40.71458840213665, -73.99332298295282 40.71458840213665, -73.99332298295282 40.70948149762803, -74.00006034758371 40.70948149762803))","[7, 5]"
46,46,"POLYGON ((-74.00006034758371 40.71458840213665, -74.00006034758371 40.71969491494836, -73.99332298295282 40.71969491494836, -73.99332298295282 40.71458840213665, -74.00006034758371 40.71458840213665))","[7, 6]"
47,47,"POLYGON ((-74.00006034758371 40.71969491494836, -74.00006034758371 40.72480103605261, -73.99332298295282 40.72480103605261, -73.99332298295282 40.71969491494836, -74.00006034758371 40.71969491494836))","[7, 7]"
48,48,"POLYGON ((-74.00006034758371 40.72480103605261, -74.00006034758371 40.72990676543892, -73.99332298295282 40.72990676543892, -73.99332298295282 40.72480103605261, -74.00006034758371 40.72480103605261))","[7, 8]"
49,49,"POLYGON ((-74.00006034758371 40.72990676543892, -74.00006034758371 40.7350121030968, -73.99332298295282 40.7350121030968, -73.99332298295282 40.72990676543892, -74.00006034758371 40.72990676543892))","[7, 9]"
50,50,"POLYGON ((-74.00006034758371 40.7350121030968, -74.00006034758371 40.74011704901576, -73.99332298295282 40.74011704901576, -73.99332298295282 40.7350121030968, -74.00006034758371 40.7350121030968))","[7, 10]"
51,51,"POLYGON ((-74.00006034758371 40.74011704901576, -74.00006034758371 40.74522160318534, -73.99332298295282 40.74522160318534, -73.99332298295282 40.74011704901576, -74.00006034758371 40.74011704901576))","[7, 11]"
52,52,"POLYGON ((-74.00006034758371 40.74522160318534, -74.00006034758371 40.7503257655951, -73.99332298295282 40.7503257655951, -73.99332298295282 40.74522160318534, -74.00006034758371 40.74522160318534))","[7, 12]"
53,53,"POLYGON ((-74.00006034758371 40.7503257655951, -74.00006034758371 40.75542953623459, -73.99332298295282 40.75542953623459, -73.99332298295282 40.7503257655951, -74.00006034758371 40.7503257655951))","[7, 13]"
54,54,"POLYGON ((-74.00006034758371 40.75542953623459, -74.00006034758371 40.76053291509339, -73.99332298295282 40.76053291509339, -73.99332298295282 40.75542953623459, -74.00006034758371 40.75542953623459))","[7, 14]"
55,55,"POLYGON ((-74.00006034758371 40.76053291509339, -74.00006034758371 40.76563590216109, -73.99332298295282 40.76563590216109, -73.99332298295282 40.76053291509339, -74.00006034758371 40.76053291509339))","[7, 15]"
56,56,"POLYGON ((-74.00006034758371 40.76563590216109, -74.00006034758371 40.77073849742729, -73.99332298295282 40.77073849742729, -73.99332298295282 40.76563590216109, -74.00006034758371 40.76563590216109))","[7, 16]"
57,57,"POLYGON ((-74.00006034758371 40.77073849742729, -74.00006034758371 40.77584070088161, -73.99332298295282 40.77584070088161, -73.99332298295282 40.77073849742729, -74.00006034758371 40.77073849742729))","[7, 17]"
58,58,"POLYGON ((-73.99332298295282 40.70437420143299, -73.99332298295282 40.70948149762803, -73.98658561832193 40.70948149762803, -73.98658561832193 40.70437420143299, -73.99332298295282 40.70437420143299))","[8, 4]"
59,59,"POLYGON ((-73.99332298295282 40.70948149762803, -73.99332298295282 40.71458840213665, -73.98658561832193 40.71458840213665, -73.98658561832193 40.70948149762803, -73.99332298295282 40.70948149762803))","[8, 5]"
60,60,"POLYGON ((-73.99332298295282 40.71458840213665, -73.99332298295282 40.71969491494836, -73.98658561832193 40.71969491494836, -73.98658561832193 40.71458840213665, -73.99332298295282 40.71458840213665))","[8, 6]"
61,61,"POLYGON ((-73.99332298295282 40.71969491494836, -73.99332298295282 40.72480103605261, -73.98658561832193 40.72480103605261, -73.98658561832193 40.71969491494836, -73.99332298295282 40.71969491494836))","[8, 7]"
62,62,"POLYGON ((-73.99332298295282 40.72480103605261, -73.99332298295282 40.72990676543892, -73.98658561832193 40.72990676543892, -73.98658561832193 40.72480103605261, -73.99332298295282 40.72480103605261))","[8, 8]"
63,63,"POLYGON ((-73.99332298295282 40.72990676543892, -73.99332298295282 40.7350121030968, -73.98658561832193 40.7350121030968, -73.98658561832193 40.72990676543892, -73.99332298295282 40.72990676543892))","[8, 9]"
64,64,"POLYGON ((-73.99332298295282 40.7350121030968, -73.99332298295282 40.74011704901576, -73.98658561832193 40.74011704901576, -73.98658561832193 40.7350121030968, -73.99332298295282 40.7350121030968))","[8, 10]"
65,65,"POLYGON ((-73.99332298295282 40.74011704901576, -73.99332298295282 40.74522160318534, -73.98658561832193 40.74522160318534, -73.98658561832193 40.74011704901576, -73.99332298295282 40.74011704901576))","[8, 11]"
66,66,"POLYGON ((-73.99332298295282 40.74522160318534, -73.99332298295282 40.7503257655951, -73.98658561832193 40.7503257655951, -73.98658561832193 40.74522160318534, -73.99332298295282 40.74522160318534))","[8, 12]"
67,67,"POLYGON ((-73.99332298295282 40.7503257655951, -73.99332298295282 40.75542953623459, -73.98658561832193 40.75542953623459, -73.98658561832193 40.7503257655951, -73.99332298295282 40.7503257655951))","[8, 13]"
68,68,"POLYGON ((-73.99332298295282 40.75542953623459, -73.99332298295282 40.76053291509339, -73.98658561832193 40.76053291509339, -73.98658561832193 40.75542953623459, -73.99332298295282 40.75542953623459))","[8, 14]"
69,69,"POLYGON ((-73.99332298295282 40.76053291509339, -73.99332298295282 40.76563590216109, -73.98658561832193 40.76563590216109, -73.98658561832193 40.76053291509339, -73.99332298295282 40.76053291509339))","[8, 15]"
70,70,"POLYGON ((-73.99332298295282 40.76563590216109, -73.99332298295282 40.77073849742729, -73.98658561832193 40.77073849742729, -73.98658561832193 40.76563590216109, -73.99332298295282 40.76563590216109))","[8, 16]"
71,71,"POLYGON ((-73.99332298295282 40.77073849742729, -73.99332298295282 40.77584070088161, -73.98658561832193 40.77584070088161, -73.98658561832193 40.77073849742729, -73.99332298295282 40.77073849742729))","[8, 17]"
72,72,"POLYGON ((-73.99332298295282 40.77584070088161, -73.99332298295282 40.78094251251368, -73.98658561832193 40.78094251251368, -73.98658561832193 40.77584070088161, -73.99332298295282 40.77584070088161))","[8, 18]"
73,73,"POLYGON ((-73.99332298295282 40.78094251251368, -73.99332298295282 40.78604393231313, -73.98658561832193 40.78604393231313, -73.98658561832193 40.78094251251368, -73.99332298295282 40.78094251251368))","[8, 19]"
74,74,"POLYGON ((-73.99332298295282 40.78604393231313, -73.99332298295282 40.79114496026963, -73.98658561832193 40.79114496026963, -73.98658561832193 40.78604393231313, -73.99332298295282 40.78604393231313))","[8, 20]"
75,75,"POLYGON ((-73.98658561832193 40.70437420143299, -73.98658561832193 40.70948149762803, -73.97984825369103 40.70948149762803, -73.97984825369103 40.70437420143299, -73.98658561832193 40.70437420143299))","[9, 4]"
76,76,"POLYGON ((-73.98658561832193 40.70948149762803, -73.98658561832193 40.71458840213665, -73.97984825369103 40.71458840213665, -73.97984825369103 40.70948149762803, -73.98658561832193 40.70948149762803))","[9, 5]"
77,77,"POLYGON ((-73.98658561832193 40.71458840213665, -73.98658561832193 40.71969491494836, -73.97984825369103 40.71969491494836, -73.97984825369103 40.71458840213665, -73.98658561832193 40.71458840213665))","[9, 6]"
78,78,"POLYGON ((-73.98658561832193 40.71969491494836, -73.98658561832193 40.72480103605261, -73.97984825369103 40.72480103605261, -73.97984825369103 40.71969491494836, -73.98658561832193 40.71969491494836))","[9, 7]"
79,79,"POLYGON ((-73.98658561832193 40.72480103605261, -73.98658561832193 40.72990676543892, -73.97984825369103 40.72990676543892, -73.97984825369103 40.72480103605261, -73.98658561832193 40.72480103605261))","[9, 8]"
80,80,"POLYGON ((-73.98658561832193 40.72990676543892, -73.98658561832193 40.7350121030968, -73.97984825369103 40.7350121030968, -73.97984825369103 40.72990676543892, -73.98658561832193 40.72990676543892))","[9, 9]"
81,81,"POLYGON ((-73.98658561832193 40.7350121030968, -73.98658561832193 40.74011704901576, -73.97984825369103 40.74011704901576, -73.97984825369103 40.7350121030968, -73.98658561832193 40.7350121030968))","[9, 10]"
82,82,"POLYGON ((-73.98658561832193 40.74011704901576, -73.98658561832193 40.74522160318534, -73.97984825369103 40.74522160318534, -73.97984825369103 40.74011704901576, -73.98658561832193 40.74011704901576))","[9, 11]"
83,83,"POLYGON ((-73.98658561832193 40.74522160318534, -73.98658561832193 40.7503257655951, -73.97984825369103 40.7503257655951, -73.97984825369103 40.74522160318534, -73.98658561832193 40.74522160318534))","[9, 12]"
84,84,"POLYGON ((-73.98658561832193 40.7503257655951, -73.98658561832193 40.75542953623459, -73.97984825369103 40.75542953623459, -73.97984825369103 40.7503257655951, -73.98658561832193 40.7503257655951))","[9, 13]"
85,85,"POLYGON ((-73.98658561832193 40.75542953623459, -73.98658561832193 40.76053291509339, -73.97984825369103 40.76053291509339, -73.97984825369103 40.75542953623459, -73.98658561832193 40.75542953623459))","[9, 14]"
86,86,"POLYGON ((-73.98658561832193 40.76053291509339, -73.98658561832193 40.76563590216109, -73.97984825369103 40.76563590216109, -73.97984825369103 40.76053291509339, -73.98658561832193 40.76053291509339))","[9, 15]"
87,87,"POLYGON ((-73.98658561832193 40.76563590216109, -73.98658561832193 40.77073849742729, -73.97984825369103 40.77073849742729, -73.97984825369103 40.76563590216109, -73.98658561832193 40.76563590216109))","[9, 16]"
88,88,"POLYGON ((-73.98658561832193 40.77073849742729, -73.98658561832193 40.77584070088161, -73.97984825369103 40.77584070088161, -73.97984825369103 40.77073849742729, -73.98658561832193 40.77073849742729))","[9, 17]"
89,89,"POLYGON ((-73.98658561832193 40.77584070088161, -73.98658561832193 40.78094251251368, -73.97984825369103 40.78094251251368, -73.97984825369103 40.77584070088161, -73.98658561832193 40.77584070088161))","[9, 18]"
90,90,"POLYGON ((-73.98658561832193 40.78094251251368, -73.98658561832193 40.78604393231313, -73.97984825369103 40.78604393231313, -73.97984825369103 40.78094251251368, -73.98658561832193 40.78094251251368))","[9, 19]"
91,91,"POLYGON ((-73.98658561832193 40.78604393231313, -73.98658561832193 40.79114496026963, -73.97984825369103 40.79114496026963, -73.97984825369103 40.78604393231313, -73.98658561832193 40.78604393231313))","[9, 20]"
92,92,"POLYGON ((-73.98658561832193 40.79114496026963, -73.98658561832193 40.79624559637284, -73.97984825369103 40.79624559637284, -73.97984825369103 40.79114496026963, -73.98658561832193 40.79114496026963))","[9, 21]"
93,93,"POLYGON ((-73.97984825369103 40.70948149762803, -73.97984825369103 40.71458840213665, -73.97311088906014 40.71458840213665, -73.97311088906014 40.70948149762803, -73.97984825369103 40.70948149762803))","[10, 5]"
94,94,"POLYGON ((-73.97984825369103 40.71458840213665, -73.97984825369103 40.71969491494836, -73.97311088906014 40.71969491494836, -73.97311088906014 40.71458840213665, -73.97984825369103 40.71458840213665))","[10, 6]"
95,95,"POLYGON ((-73.97984825369103 40.71969491494836, -73.97984825369103 40.72480103605261, -73.97311088906014 40.72480103605261, -73.97311088906014 40.71969491494836, -73.97984825369103 40.71969491494836))","[10, 7]"
96,96,"POLYGON ((-73.97984825369103 40.72480103605261, -73.97984825369103 40.72990676543892, -73.97311088906014 40.72990676543892, -73.97311088906014 40.72480103605261, -73.97984825369103 40.72480103605261))","[10, 8]"
97,97,"POLYGON ((-73.97984825369103 40.72990676543892, -73.97984825369103 40.7350121030968, -73.97311088906014 40.7350121030968, -73.97311088906014 40.72990676543892, -73.97984825369103 40.72990676543892))","[10, 9]"
98,98,"POLYGON ((-73.97984825369103 40.7350121030968, -73.97984825369103 40.74011704901576, -73.97311088906014 40.74011704901576, -73.97311088906014 40.7350121030968, -73.97984825369103 40.7350121030968))","[10, 10]"
99,99,"POLYGON ((-73.97984825369103 40.74011704901576, -73.97984825369103 40.74522160318534, -73.97311088906014 40.74522160318534, -73.97311088906014 40.74011704901576, -73.97984825369103 40.74011704901576))","[10, 11]"
100,100,"POLYGON ((-73.97984825369103 40.74522160318534, -73.97984825369103 40.7503257655951, -73.97311088906014 40.7503257655951, -73.97311088906014 40.74522160318534, -73.97984825369103 40.74522160318534))","[10, 12]"
101,101,"POLYGON ((-73.97984825369103 40.7503257655951, -73.97984825369103 40.75542953623459, -73.97311088906014 40.75542953623459, -73.97311088906014 40.7503257655951, -73.97984825369103 40.7503257655951))","[10, 13]"
102,102,"POLYGON ((-73.97984825369103 40.75542953623459, -73.97984825369103 40.76053291509339, -73.97311088906014 40.76053291509339, -73.97311088906014 40.75542953623459, -73.97984825369103 40.75542953623459))","[10, 14]"
103,103,"POLYGON ((-73.97984825369103 40.76053291509339, -73.97984825369103 40.76563590216109, -73.97311088906014 40.76563590216109, -73.97311088906014 40.76053291509339, -73.97984825369103 40.76053291509339))","[10, 15]"
104,104,"POLYGON ((-73.97984825369103 40.76563590216109, -73.97984825369103 40.77073849742729, -73.97311088906014 40.77073849742729, -73.97311088906014 40.76563590216109, -73.97984825369103 40.76563590216109))","[10, 16]"
105,105,"POLYGON ((-73.97984825369103 40.77073849742729, -73.97984825369103 40.77584070088161, -73.97311088906014 40.77584070088161, -73.97311088906014 40.77073849742729, -73.97984825369103 40.77073849742729))","[10, 17]"
106,106,"POLYGON ((-73.97984825369103 40.77584070088161, -73.97984825369103 40.78094251251368, -73.97311088906014 40.78094251251368, -73.97311088906014 40.77584070088161, -73.97984825369103 40.77584070088161))","[10, 18]"
107,107,"POLYGON ((-73.97984825369103 40.78094251251368, -73.97984825369103 40.78604393231313, -73.97311088906014 40.78604393231313, -73.97311088906014 40.78094251251368, -73.97984825369103 40.78094251251368))","[10, 19]"
108,108,"POLYGON ((-73.97984825369103 40.78604393231313, -73.97984825369103 40.79114496026963, -73.97311088906014 40.79114496026963, -73.97311088906014 40.78604393231313, -73.97984825369103 40.78604393231313))","[10, 20]"
109,109,"POLYGON ((-73.97984825369103 40.79114496026963, -73.97984825369103 40.79624559637284, -73.97311088906014 40.79624559637284, -73.97311088906014 40.79114496026963, -73.97984825369103 40.79114496026963))","[10, 21]"
110,110,"POLYGON ((-73.97984825369103 40.79624559637284, -73.97984825369103 40.80134584061246, -73.97311088906014 40.80134584061246, -73.97311088906014 40.79624559637284, -73.97984825369103 40.79624559637284))","[10, 22]"
111,111,"POLYGON ((-73.97984825369103 40.80134584061246, -73.97984825369103 40.80644569297814, -73.97311088906014 40.80644569297814, -73.97311088906014 40.80134584061246, -73.97984825369103 40.80134584061246))","[10, 23]"
112,112,"POLYGON ((-73.97311088906014 40.71458840213665, -73.97311088906014 40.71969491494836, -73.96637352442923 40.71969491494836, -73.96637352442923 40.71458840213665, -73.97311088906014 40.71458840213665))","[11, 6]"
113,113,"POLYGON ((-73.97311088906014 40.71969491494836, -73.97311088906014 40.72480103605261, -73.96637352442923 40.72480103605261, -73.96637352442923 40.71969491494836, -73.97311088906014 40.71969491494836))","[11, 7]"
114,114,"POLYGON ((-73.97311088906014 40.72480103605261, -73.97311088906014 40.72990676543892, -73.96637352442923 40.72990676543892, -73.96637352442923 40.72480103605261, -73.97311088906014 40.72480103605261))","[11, 8]"
115,115,"POLYGON ((-73.97311088906014 40.72990676543892, -73.97311088906014 40.7350121030968, -73.96637352442923 40.7350121030968, -73.96637352442923 40.72990676543892, -73.97311088906014 40.72990676543892))","[11, 9]"
116,116,"POLYGON ((-73.97311088906014 40.7350121030968, -73.97311088906014 40.74011704901576, -73.96637352442923 40.74011704901576, -73.96637352442923 40.7350121030968, -73.97311088906014 40.7350121030968))","[11, 10]"
117,117,"POLYGON ((-73.97311088906014 40.74011704901576, -73.97311088906014 40.74522160318534, -73.96637352442923 40.74522160318534, -73.96637352442923 40.74011704901576, -73.97311088906014 40.74011704901576))","[11, 11]"
118,118,"POLYGON ((-73.97311088906014 40.74522160318534, -73.97311088906014 40.7503257655951, -73.96637352442923 40.7503257655951, -73.96637352442923 40.74522160318534, -73.97311088906014 40.74522160318534))","[11, 12]"
119,119,"POLYGON ((-73.97311088906014 40.7503257655951, -73.97311088906014 40.75542953623459, -73.96637352442923 40.75542953623459, -73.96637352442923 40.7503257655951, -73.97311088906014 40.7503257655951))","[11, 13]"
120,120,"POLYGON ((-73.97311088906014 40.75542953623459, -73.97311088906014 40.76053291509339, -73.96637352442923 40.76053291509339, -73.96637352442923 40.75542953623459, -73.97311088906014 40.75542953623459))","[11, 14]"
121,121,"POLYGON ((-73.97311088906014 40.76053291509339, -73.97311088906014 40.76563590216109, -73.96637352442923 40.76563590216109, -73.96637352442923 40.76053291509339, -73.97311088906014 40.76053291509339))","[11, 15]"
122,122,"POLYGON ((-73.97311088906014 40.76563590216109, -73.97311088906014 40.77073849742729, -73.96637352442923 40.77073849742729, -73.96637352442923 40.76563590216109, -73.97311088906014 40.76563590216109))","[11, 16]"
123,123,"POLYGON ((-73.97311088906014 40.77073849742729, -73.97311088906014 40.77584070088161, -73.96637352442923 40.77584070088161, -73.96637352442923 40.77073849742729, -73.97311088906014 40.77073849742729))","[11, 17]"
124,124,"POLYGON ((-73.97311088906014 40.77584070088161, -73.97311088906014 40.78094251251368, -73.96637352442923 40.78094251251368, -73.96637352442923 40.77584070088161, -73.97311088906014 40.77584070088161))","[11, 18]"
125,125,"POLYGON ((-73.97311088906014 40.78094251251368, -73.97311088906014 40.78604393231313, -73.96637352442923 40.78604393231313, -73.96637352442923 40.78094251251368, -73.97311088906014 40.78094251251368))","[11, 19]"
126,126,"POLYGON ((-73.97311088906014 40.78604393231313, -73.97311088906014 40.79114496026963, -73.96637352442923 40.79114496026963, -73.96637352442923 40.78604393231313, -73.97311088906014 40.78604393231313))","[11, 20]"
127,127,"POLYGON ((-73.97311088906014 40.79114496026963, -73.97311088906014 40.79624559637284, -73.96637352442923 40.79624559637284, -73.96637352442923 40.79114496026963, -73.97311088906014 40.79114496026963))","[11, 21]"
128,128,"POLYGON ((-73.97311088906014 40.79624559637284, -73.97311088906014 40.80134584061246, -73.96637352442923 40.80134584061246, -73.96637352442923 40.79624559637284, -73.97311088906014 40.79624559637284))","[11, 22]"
129,129,"POLYGON ((-73.97311088906014 40.80134584061246, -73.97311088906014 40.80644569297814, -73.96637352442923 40.80644569297814, -73.96637352442923 40.80134584061246, -73.97311088906014 40.80134584061246))","[11, 23]"
130,130,"POLYGON ((-73.97311088906014 40.80644569297814, -73.97311088906014 40.81154515345964, -73.96637352442923 40.81154515345964, -73.96637352442923 40.80644569297814, -73.97311088906014 40.80644569297814))","[11, 24]"
131,131,"POLYGON ((-73.97311088906014 40.81154515345964, -73.97311088906014 40.81664422204665, -73.96637352442923 40.81664422204665, -73.96637352442923 40.81154515345964, -73.97311088906014 40.81154515345964))","[11, 25]"
132,132,"POLYGON ((-73.96637352442923 40.74522160318534, -73.96637352442923 40.7503257655951, -73.95963615979834 40.7503257655951, -73.95963615979834 40.74522160318534, -73.96637352442923 40.74522160318534))","[12, 12]"
133,133,"POLYGON ((-73.96637352442923 40.7503257655951, -73.96637352442923 40.75542953623459, -73.95963615979834 40.75542953623459, -73.95963615979834 40.7503257655951, -73.96637352442923 40.7503257655951))","[12, 13]"
134,134,"POLYGON ((-73.96637352442923 40.75542953623459, -73.96637352442923 40.76053291509339, -73.95963615979834 40.76053291509339, -73.95963615979834 40.75542953623459, -73.96637352442923 40.75542953623459))","[12, 14]"
135,135,"POLYGON ((-73.96637352442923 40.76053291509339, -73.96637352442923 40.76563590216109, -73.95963615979834 40.76563590216109, -73.95963615979834 40.76053291509339, -73.96637352442923 40.76053291509339))","[12, 15]"
136,136,"POLYGON ((-73.96637352442923 40.76563590216109, -73.96637352442923 40.77073849742729, -73.95963615979834 40.77073849742729, -73.95963615979834 40.76563590216109, -73.96637352442923 40.76563590216109))","[12, 16]"
137,137,"POLYGON ((-73.96637352442923 40.77073849742729, -73.96637352442923 40.77584070088161, -73.95963615979834 40.77584070088161, -73.95963615979834 40.77073849742729, -73.96637352442923 40.77073849742729))","[12, 17]"
138,138,"POLYGON ((-73.96637352442923 40.77584070088161, -73.96637352442923 40.78094251251368, -73.95963615979834 40.78094251251368, -73.95963615979834 40.77584070088161, -73.96637352442923 40.77584070088161))","[12, 18]"
139,139,"POLYGON ((-73.96637352442923 40.78094251251368, -73.96637352442923 40.78604393231313, -73.95963615979834 40.78604393231313, -73.95963615979834 40.78094251251368, -73.96637352442923 40.78094251251368))","[12, 19]"
140,140,"POLYGON ((-73.96637352442923 40.78604393231313, -73.96637352442923 40.79114496026963, -73.95963615979834 40.79114496026963, -73.95963615979834 40.78604393231313, -73.96637352442923 40.78604393231313))","[12, 20]"
141,141,"POLYGON ((-73.96637352442923 40.79114496026963, -73.96637352442923 40.79624559637284, -73.95963615979834 40.79624559637284, -73.95963615979834 40.79114496026963, -73.96637352442923 40.79114496026963))","[12, 21]"
142,142,"POLYGON ((-73.96637352442923 40.79624559637284, -73.96637352442923 40.80134584061246, -73.95963615979834 40.80134584061246, -73.95963615979834 40.79624559637284, -73.96637352442923 40.79624559637284))","[12, 22]"
143,143,"POLYGON ((-73.96637352442923 40.80134584061246, -73.96637352442923 40.80644569297814, -73.95963615979834 40.80644569297814, -73.95963615979834 40.80134584061246, -73.96637352442923 40.80134584061246))","[12, 23]"
144,144,"POLYGON ((-73.96637352442923 40.80644569297814, -73.96637352442923 40.81154515345964, -73.95963615979834 40.81154515345964, -73.95963615979834 40.80644569297814, -73.96637352442923 40.80644569297814))","[12, 24]"
145,145,"POLYGON ((-73.96637352442923 40.81154515345964, -73.96637352442923 40.81664422204665, -73.95963615979834 40.81664422204665, -73.95963615979834 40.81154515345964, -73.96637352442923 40.81154515345964))","[12, 25]"
146,146,"POLYGON ((-73.96637352442923 40.81664422204665, -73.96637352442923 40.82174289872892, -73.95963615979834 40.82174289872892, -73.95963615979834 40.81664422204665, -73.96637352442923 40.81664422204665))","[12, 26]"
147,147,"POLYGON ((-73.96637352442923 40.82174289872892, -73.96637352442923 40.82684118349619, -73.95963615979834 40.82684118349619, -73.95963615979834 40.82174289872892, -73.96637352442923 40.82174289872892))","[12, 27]"
148,148,"POLYGON ((-73.95963615979834 40.7503257655951, -73.95963615979834 40.75542953623459, -73.95289879516744 40.75542953623459, -73.95289879516744 40.7503257655951, -73.95963615979834 40.7503257655951))","[13, 13]"
149,149,"POLYGON ((-73.95963615979834 40.75542953623459, -73.95963615979834 40.76053291509339, -73.95289879516744 40.76053291509339, -73.95289879516744 40.75542953623459, -73.95963615979834 40.75542953623459))","[13, 14]"
150,150,"POLYGON ((-73.95963615979834 40.76053291509339, -73.95963615979834 40.76563590216109, -73.95289879516744 40.76563590216109, -73.95289879516744 40.76053291509339, -73.95963615979834 40.76053291509339))","[13, 15]"
151,151,"POLYGON ((-73.95963615979834 40.76563590216109, -73.95963615979834 40.77073849742729, -73.95289879516744 40.77073849742729, -73.95289879516744 40.76563590216109, -73.95963615979834 40.76563590216109))","[13, 16]"
152,152,"POLYGON ((-73.95963615979834 40.77073849742729, -73.95963615979834 40.77584070088161, -73.95289879516744 40.77584070088161, -73.95289879516744 40.77073849742729, -73.95963615979834 40.77073849742729))","[13, 17]"
153,153,"POLYGON ((-73.95963615979834 40.77584070088161, -73.95963615979834 40.78094251251368, -73.95289879516744 40.78094251251368, -73.95289879516744 40.77584070088161, -73.95963615979834 40.77584070088161))","[13, 18]"
154,154,"POLYGON ((-73.95963615979834 40.78094251251368, -73.95963615979834 40.78604393231313, -73.95289879516744 40.78604393231313, -73.95289879516744 40.78094251251368, -73.95963615979834 40.78094251251368))","[13, 19]"
155,155,"POLYGON ((-73.95963615979834 40.78604393231313, -73.95963615979834 40.79114496026963, -73.95289879516744 40.79114496026963, -73.95289879516744 40.78604393231313, -73.95963615979834 40.78604393231313))","[13, 20]"
156,156,"POLYGON ((-73.95963615979834 40.79114496026963, -73.95963615979834 40.79624559637284, -73.95289879516744 40.79624559637284, -73.95289879516744 40.79114496026963, -73.95963615979834 40.79114496026963))","[13, 21]"
157,157,"POLYGON ((-73.95963615979834 40.79624559637284, -73.95963615979834 40.80134584061246, -73.95289879516744 40.80134584061246, -73.95289879516744 40.79624559637284, -73.95963615979834 40.79624559637284))","[13, 22]"
158,158,"POLYGON ((-73.95963615979834 40.80134584061246, -73.95963615979834 40.80644569297814, -73.95289879516744 40.80644569297814, -73.95289879516744 40.80134584061246, -73.95963615979834 40.80134584061246))","[13, 23]"
159,159,"POLYGON ((-73.95963615979834 40.80644569297814, -73.95963615979834 40.81154515345964, -73.95289879516744 40.81154515345964, -73.95289879516744 40.80644569297814, -73.95963615979834 40.80644569297814))","[13, 24]"
160,160,"POLYGON ((-73.95963615979834 40.81154515345964, -73.95963615979834 40.81664422204665, -73.95289879516744 40.81664422204665, -73.95289879516744 40.81154515345964, -73.95963615979834 40.81154515345964))","[13, 25]"
161,161,"POLYGON ((-73.95963615979834 40.81664422204665, -73.95963615979834 40.82174289872892, -73.95289879516744 40.82174289872892, -73.95289879516744 40.81664422204665, -73.95963615979834 40.81664422204665))","[13, 26]"
162,162,"POLYGON ((-73.95963615979834 40.82174289872892, -73.95963615979834 40.82684118349619, -73.95289879516744 40.82684118349619, -73.95289879516744 40.82174289872892, -73.95963615979834 40.82174289872892))","[13, 27]"
163,163,"POLYGON ((-73.95963615979834 40.82684118349619, -73.95963615979834 40.83193907633822, -73.95289879516744 40.83193907633822, -73.95289879516744 40.82684118349619, -73.95963615979834 40.82684118349619))","[13, 28]"
164,164,"POLYGON ((-73.95289879516744 40.75542953623459, -73.95289879516744 40.76053291509339, -73.94616143053653 40.76053291509339, -73.94616143053653 40.75542953623459, -73.95289879516744 40.75542953623459))","[14, 14]"
165,165,"POLYGON ((-73.95289879516744 40.76053291509339, -73.95289879516744 40.76563590216109, -73.94616143053653 40.76563590216109, -73.94616143053653 40.76053291509339, -73.95289879516744 40.76053291509339))","[14, 15]"
166,166,"POLYGON ((-73.95289879516744 40.76563590216109, -73.95289879516744 40.77073849742729, -73.94616143053653 40.77073849742729, -73.94616143053653 40.76563590216109, -73.95289879516744 40.76563590216109))","[14, 16]"
167,167,"POLYGON ((-73.95289879516744 40.77073849742729, -73.95289879516744 40.77584070088161, -73.94616143053653 40.77584070088161, -73.94616143053653 40.77073849742729, -73.95289879516744 40.77073849742729))","[14, 17]"
168,168,"POLYGON ((-73.95289879516744 40.77584070088161, -73.95289879516744 40.78094251251368, -73.94616143053653 40.78094251251368, -73.94616143053653 40.77584070088161, -73.95289879516744 40.77584070088161))","[14, 18]"
169,169,"POLYGON ((-73.95289879516744 40.78094251251368, -73.95289879516744 40.78604393231313, -73.94616143053653 40.78604393231313, -73.94616143053653 40.78094251251368, -73.95289879516744 40.78094251251368))","[14, 19]"
170,170,"POLYGON ((-73.95289879516744 40.78604393231313, -73.95289879516744 40.79114496026963, -73.94616143053653 40.79114496026963, -73.94616143053653 40.78604393231313, -73.95289879516744 40.78604393231313))","[14, 20]"
171,171,"POLYGON ((-73.95289879516744 40.79114496026963, -73.95289879516744 40.79624559637284, -73.94616143053653 40.79624559637284, -73.94616143053653 40.79114496026963, -73.95289879516744 40.79114496026963))","[14, 21]"
172,172,"POLYGON ((-73.95289879516744 40.79624559637284, -73.95289879516744 40.80134584061246, -73.94616143053653 40.80134584061246, -73.94616143053653 40.79624559637284, -73.95289879516744 40.79624559637284))","[14, 22]"
173,173,"POLYGON ((-73.95289879516744 40.80134584061246, -73.95289879516744 40.80644569297814, -73.94616143053653 40.80644569297814, -73.94616143053653 40.80134584061246, -73.95289879516744 40.80134584061246))","[14, 23]"
174,174,"POLYGON ((-73.95289879516744 40.80644569297814, -73.95289879516744 40.81154515345964, -73.94616143053653 40.81154515345964, -73.94616143053653 40.80644569297814, -73.95289879516744 40.80644569297814))","[14, 24]"
175,175,"POLYGON ((-73.95289879516744 40.81154515345964, -73.95289879516744 40.81664422204665, -73.94616143053653 40.81664422204665, -73.94616143053653 40.81154515345964, -73.95289879516744 40.81154515345964))","[14, 25]"
176,176,"POLYGON ((-73.95289879516744 40.81664422204665, -73.95289879516744 40.82174289872892, -73.94616143053653 40.82174289872892, -73.94616143053653 40.81664422204665, -73.95289879516744 40.81664422204665))","[14, 26]"
177,177,"POLYGON ((-73.95289879516744 40.82174289872892, -73.95289879516744 40.82684118349619, -73.94616143053653 40.82684118349619, -73.94616143053653 40.82174289872892, -73.95289879516744 40.82174289872892))","[14, 27]"
178,178,"POLYGON ((-73.95289879516744 40.82684118349619, -73.95289879516744 40.83193907633822, -73.94616143053653 40.83193907633822, -73.94616143053653 40.82684118349619, -73.95289879516744 40.82684118349619))","[14, 28]"
179,179,"POLYGON ((-73.95289879516744 40.83193907633822, -73.95289879516744 40.83703657724479, -73.94616143053653 40.83703657724479, -73.94616143053653 40.83193907633822, -73.95289879516744 40.83193907633822))","[14, 29]"
180,180,"POLYGON ((-73.95289879516744 40.83703657724479, -73.95289879516744 40.84213368620568, -73.94616143053653 40.84213368620568, -73.94616143053653 40.83703657724479, -73.95289879516744 40.83703657724479))","[14, 30]"
181,181,"POLYGON ((-73.95289879516744 40.84213368620568, -73.95289879516744 40.84723040321068, -73.94616143053653 40.84723040321068, -73.94616143053653 40.84213368620568, -73.95289879516744 40.84213368620568))","[14, 31]"
182,182,"POLYGON ((-73.95289879516744 40.84723040321068, -73.95289879516744 40.85232672824964, -73.94616143053653 40.85232672824964, -73.94616143053653 40.84723040321068, -73.95289879516744 40.84723040321068))","[14, 32]"
183,183,"POLYGON ((-73.94616143053653 40.76053291509339, -73.94616143053653 40.76563590216109, -73.93942406590565 40.76563590216109, -73.93942406590565 40.76053291509339, -73.94616143053653 40.76053291509339))","[15, 15]"
184,184,"POLYGON ((-73.94616143053653 40.76563590216109, -73.94616143053653 40.77073849742729, -73.93942406590565 40.77073849742729, -73.93942406590565 40.76563590216109, -73.94616143053653 40.76563590216109))","[15, 16]"
185,185,"POLYGON ((-73.94616143053653 40.77073849742729, -73.94616143053653 40.77584070088161, -73.93942406590565 40.77584070088161, -73.93942406590565 40.77073849742729, -73.94616143053653 40.77073849742729))","[15, 17]"
186,186,"POLYGON ((-73.94616143053653 40.77584070088161, -73.94616143053653 40.78094251251368, -73.93942406590565 40.78094251251368, -73.93942406590565 40.77584070088161, -73.94616143053653 40.77584070088161))","[15, 18]"
187,187,"POLYGON ((-73.94616143053653 40.78094251251368, -73.94616143053653 40.78604393231313, -73.93942406590565 40.78604393231313, -73.93942406590565 40.78094251251368, -73.94616143053653 40.78094251251368))","[15, 19]"
188,188,"POLYGON ((-73.94616143053653 40.78604393231313, -73.94616143053653 40.79114496026963, -73.93942406590565 40.79114496026963, -73.93942406590565 40.78604393231313, -73.94616143053653 40.78604393231313))","[15, 20]"
189,189,"POLYGON ((-73.94616143053653 40.79114496026963, -73.94616143053653 40.79624559637284, -73.93942406590565 40.79624559637284, -73.93942406590565 40.79114496026963, -73.94616143053653 40.79114496026963))","[15, 21]"
190,190,"POLYGON ((-73.94616143053653 40.79624559637284, -73.94616143053653 40.80134584061246, -73.93942406590565 40.80134584061246, -73.93942406590565 40.79624559637284, -73.94616143053653 40.79624559637284))","[15, 22]"
191,191,"POLYGON ((-73.94616143053653 40.80134584061246, -73.94616143053653 40.80644569297814, -73.93942406590565 40.80644569297814, -73.93942406590565 40.80134584061246, -73.94616143053653 40.80134584061246))","[15, 23]"
192,192,"POLYGON ((-73.94616143053653 40.80644569297814, -73.94616143053653 40.81154515345964, -73.93942406590565 40.81154515345964, -73.93942406590565 40.80644569297814, -73.94616143053653 40.80644569297814))","[15, 24]"
193,193,"POLYGON ((-73.94616143053653 40.81154515345964, -73.94616143053653 40.81664422204665, -73.93942406590565 40.81664422204665, -73.93942406590565 40.81154515345964, -73.94616143053653 40.81154515345964))","[15, 25]"
194,194,"POLYGON ((-73.94616143053653 40.81664422204665, -73.94616143053653 40.82174289872892, -73.93942406590565 40.82174289872892, -73.93942406590565 40.81664422204665, -73.94616143053653 40.81664422204665))","[15, 26]"
195,195,"POLYGON ((-73.94616143053653 40.82174289872892, -73.94616143053653 40.82684118349619, -73.93942406590565 40.82684118349619, -73.93942406590565 40.82174289872892, -73.94616143053653 40.82174289872892))","[15, 27]"
196,196,"POLYGON ((-73.94616143053653 40.82684118349619, -73.94616143053653 40.83193907633822, -73.93942406590565 40.83193907633822, -73.93942406590565 40.82684118349619, -73.94616143053653 40.82684118349619))","[15, 28]"
197,197,"POLYGON ((-73.94616143053653 40.83193907633822, -73.94616143053653 40.83703657724479, -73.93942406590565 40.83703657724479, -73.93942406590565 40.83193907633822, -73.94616143053653 40.83193907633822))","[15, 29]"
198,198,"POLYGON ((-73.94616143053653 40.83703657724479, -73.94616143053653 40.84213368620568, -73.93942406590565 40.84213368620568, -73.93942406590565 40.83703657724479, -73.94616143053653 40.83703657724479))","[15, 30]"
199,199,"POLYGON ((-73.94616143053653 40.84213368620568, -73.94616143053653 40.84723040321068, -73.93942406590565 40.84723040321068, -73.93942406590565 40.84213368620568, -73.94616143053653 40.84213368620568))","[15, 31]"
200,200,"POLYGON ((-73.94616143053653 40.84723040321068, -73.94616143053653 40.85232672824964, -73.93942406590565 40.85232672824964, -73.93942406590565 40.84723040321068, -73.94616143053653 40.84723040321068))","[15, 32]"
201,201,"POLYGON ((-73.94616143053653 40.85232672824964, -73.94616143053653 40.85742266131236, -73.93942406590565 40.85742266131236, -73.93942406590565 40.85232672824964, -73.94616143053653 40.85232672824964))","[15, 33]"
202,202,"POLYGON ((-73.94616143053653 40.85742266131236, -73.94616143053653 40.86251820238868, -73.93942406590565 40.86251820238868, -73.93942406590565 40.85742266131236, -73.94616143053653 40.85742266131236))","[15, 34]"
203,203,"POLYGON ((-73.93942406590565 40.77584070088161, -73.93942406590565 40.78094251251368, -73.93268670127476 40.78094251251368, -73.93268670127476 40.77584070088161, -73.93942406590565 40.77584070088161))","[16, 18]"
204,204,"POLYGON ((-73.93942406590565 40.78094251251368, -73.93942406590565 40.78604393231313, -73.93268670127476 40.78604393231313, -73.93268670127476 40.78094251251368, -73.93942406590565 40.78094251251368))","[16, 19]"
205,205,"POLYGON ((-73.93942406590565 40.78604393231313, -73.93942406590565 40.79114496026963, -73.93268670127476 40.79114496026963, -73.93268670127476 40.78604393231313, -73.93942406590565 40.78604393231313))","[16, 20]"
206,206,"POLYGON ((-73.93942406590565 40.79114496026963, -73.93942406590565 40.79624559637284, -73.93268670127476 40.79624559637284, -73.93268670127476 40.79114496026963, -73.93942406590565 40.79114496026963))","[16, 21]"
207,207,"POLYGON ((-73.93942406590565 40.79624559637284, -73.93942406590565 40.80134584061246, -73.93268670127476 40.80134584061246, -73.93268670127476 40.79624559637284, -73.93942406590565 40.79624559637284))","[16, 22]"
208,208,"POLYGON ((-73.93942406590565 40.80134584061246, -73.93942406590565 40.80644569297814, -73.93268670127476 40.80644569297814, -73.93268670127476 40.80134584061246, -73.93942406590565 40.80134584061246))","[16, 23]"
209,209,"POLYGON ((-73.93942406590565 40.80644569297814, -73.93942406590565 40.81154515345964, -73.93268670127476 40.81154515345964, -73.93268670127476 40.80644569297814, -73.93942406590565 40.80644569297814))","[16, 24]"
210,210,"POLYGON ((-73.93942406590565 40.81154515345964, -73.93942406590565 40.81664422204665, -73.93268670127476 40.81664422204665, -73.93268670127476 40.81154515345964, -73.93942406590565 40.81154515345964))","[16, 25]"
211,211,"POLYGON ((-73.93942406590565 40.81664422204665, -73.93942406590565 40.82174289872892, -73.93268670127476 40.82174289872892, -73.93268670127476 40.81664422204665, -73.93942406590565 40.81664422204665))","[16, 26]"
212,212,"POLYGON ((-73.93942406590565 40.82174289872892, -73.93942406590565 40.82684118349619, -73.93268670127476 40.82684118349619, -73.93268670127476 40.82174289872892, -73.93942406590565 40.82174289872892))","[16, 27]"
213,213,"POLYGON ((-73.93942406590565 40.82684118349619, -73.93942406590565 40.83193907633822, -73.93268670127476 40.83193907633822, -73.93268670127476 40.82684118349619, -73.93942406590565 40.82684118349619))","[16, 28]"
214,214,"POLYGON ((-73.93942406590565 40.83193907633822, -73.93942406590565 40.83703657724479, -73.93268670127476 40.83703657724479, -73.93268670127476 40.83193907633822, -73.93942406590565 40.83193907633822))","[16, 29]"
215,215,"POLYGON ((-73.93942406590565 40.83703657724479, -73.93942406590565 40.84213368620568, -73.93268670127476 40.84213368620568, -73.93268670127476 40.83703657724479, -73.93942406590565 40.83703657724479))","[16, 30]"
216,216,"POLYGON ((-73.93942406590565 40.84213368620568, -73.93942406590565 40.84723040321068, -73.93268670127476 40.84723040321068, -73.93268670127476 40.84213368620568, -73.93942406590565 40.84213368620568))","[16, 31]"
217,217,"POLYGON ((-73.93942406590565 40.84723040321068, -73.93942406590565 40.85232672824964, -73.93268670127476 40.85232672824964, -73.93268670127476 40.84723040321068, -73.93942406590565 40.84723040321068))","[16, 32]"
218,218,"POLYGON ((-73.93942406590565 40.85232672824964, -73.93942406590565 40.85742266131236, -73.93268670127476 40.85742266131236, -73.93268670127476 40.85232672824964, -73.93942406590565 40.85232672824964))","[16, 33]"
219,219,"POLYGON ((-73.93942406590565 40.85742266131236, -73.93942406590565 40.86251820238868, -73.93268670127476 40.86251820238868, -73.93268670127476 40.85742266131236, -73.93942406590565 40.85742266131236))","[16, 34]"
220,220,"POLYGON ((-73.93942406590565 40.86251820238868, -73.93942406590565 40.86761335146846, -73.93268670127476 40.86761335146846, -73.93268670127476 40.86251820238868, -73.93942406590565 40.86251820238868))","[16, 35]"
221,221,"POLYGON ((-73.93942406590565 40.86761335146846, -73.93942406590565 40.87270810854157, -73.93268670127476 40.87270810854157, -73.93268670127476 40.86761335146846, -73.93942406590565 40.86761335146846))","[16, 36]"
222,222,"POLYGON ((-73.93268670127476 40.77584070088161, -73.93268670127476 40.78094251251368, -73.92594933664385 40.78094251251368, -73.92594933664385 40.77584070088161, -73.93268670127476 40.77584070088161))","[17, 18]"
223,223,"POLYGON ((-73.93268670127476 40.78094251251368, -73.93268670127476 40.78604393231313, -73.92594933664385 40.78604393231313, -73.92594933664385 40.78094251251368, -73.93268670127476 40.78094251251368))","[17, 19]"
224,224,"POLYGON ((-73.93268670127476 40.78604393231313, -73.93268670127476 40.79114496026963, -73.92594933664385 40.79114496026963, -73.92594933664385 40.78604393231313, -73.93268670127476 40.78604393231313))","[17, 20]"
225,225,"POLYGON ((-73.93268670127476 40.79114496026963, -73.93268670127476 40.79624559637284, -73.92594933664385 40.79624559637284, -73.92594933664385 40.79114496026963, -73.93268670127476 40.79114496026963))","[17, 21]"
226,226,"POLYGON ((-73.93268670127476 40.79624559637284, -73.93268670127476 40.80134584061246, -73.92594933664385 40.80134584061246, -73.92594933664385 40.79624559637284, -73.93268670127476 40.79624559637284))","[17, 22]"
227,227,"POLYGON ((-73.93268670127476 40.80134584061246, -73.93268670127476 40.80644569297814, -73.92594933664385 40.80644569297814, -73.92594933664385 40.80134584061246, -73.93268670127476 40.80134584061246))","[17, 23]"
228,228,"POLYGON ((-73.93268670127476 40.80644569297814, -73.93268670127476 40.81154515345964, -73.92594933664385 40.81154515345964, -73.92594933664385 40.80644569297814, -73.93268670127476 40.80644569297814))","[17, 24]"
229,229,"POLYGON ((-73.93268670127476 40.83703657724479, -73.93268670127476 40.84213368620568, -73.92594933664385 40.84213368620568, -73.92594933664385 40.83703657724479, -73.93268670127476 40.83703657724479))","[17, 30]"
230,230,"POLYGON ((-73.93268670127476 40.84213368620568, -73.93268670127476 40.84723040321068, -73.92594933664385 40.84723040321068, -73.92594933664385 40.84213368620568, -73.93268670127476 40.84213368620568))","[17, 31]"
231,231,"POLYGON ((-73.93268670127476 40.84723040321068, -73.93268670127476 40.85232672824964, -73.92594933664385 40.85232672824964, -73.92594933664385 40.84723040321068, -73.93268670127476 40.84723040321068))","[17, 32]"
232,232,"POLYGON ((-73.93268670127476 40.85232672824964, -73.93268670127476 40.85742266131236, -73.92594933664385 40.85742266131236, -73.92594933664385 40.85232672824964, -73.93268670127476 40.85232672824964))","[17, 33]"
233,233,"POLYGON ((-73.93268670127476 40.85742266131236, -73.93268670127476 40.86251820238868, -73.92594933664385 40.86251820238868, -73.92594933664385 40.85742266131236, -73.93268670127476 40.85742266131236))","[17, 34]"
234,234,"POLYGON ((-73.93268670127476 40.86251820238868, -73.93268670127476 40.86761335146846, -73.92594933664385 40.86761335146846, -73.92594933664385 40.86251820238868, -73.93268670127476 40.86251820238868))","[17, 35]"
235,235,"POLYGON ((-73.93268670127476 40.86761335146846, -73.93268670127476 40.87270810854157, -73.92594933664385 40.87270810854157, -73.92594933664385 40.86761335146846, -73.93268670127476 40.86761335146846))","[17, 36]"
236,236,"POLYGON ((-73.93268670127476 40.87270810854157, -73.93268670127476 40.87780247359788, -73.92594933664385 40.87780247359788, -73.92594933664385 40.87270810854157, -73.93268670127476 40.87270810854157))","[17, 37]"
237,237,"POLYGON ((-73.92594933664385 40.78094251251368, -73.92594933664385 40.78604393231313, -73.91921197201296 40.78604393231313, -73.91921197201296 40.78094251251368, -73.92594933664385 40.78094251251368))","[18, 19]"
238,238,"POLYGON ((-73.92594933664385 40.78604393231313, -73.92594933664385 40.79114496026963, -73.91921197201296 40.79114496026963, -73.91921197201296 40.78604393231313, -73.92594933664385 40.78604393231313))","[18, 20]"
239,239,"POLYGON ((-73.92594933664385 40.79114496026963, -73.92594933664385 40.79624559637284, -73.91921197201296 40.79624559637284, -73.91921197201296 40.79114496026963, -73.92594933664385 40.79114496026963))","[18, 21]"
240,240,"POLYGON ((-73.92594933664385 40.79624559637284, -73.92594933664385 40.80134584061246, -73.91921197201296 40.80134584061246, -73.91921197201296 40.79624559637284, -73.92594933664385 40.79624559637284))","[18, 22]"
241,241,"POLYGON ((-73.92594933664385 40.80134584061246, -73.92594933664385 40.80644569297814, -73.91921197201296 40.80644569297814, -73.91921197201296 40.80134584061246, -73.92594933664385 40.80134584061246))","[18, 23]"
242,242,"POLYGON ((-73.92594933664385 40.84723040321068, -73.92594933664385 40.85232672824964, -73.91921197201296 40.85232672824964, -73.91921197201296 40.84723040321068, -73.92594933664385 40.84723040321068))","[18, 32]"
243,243,"POLYGON ((-73.92594933664385 40.85232672824964, -73.92594933664385 40.85742266131236, -73.91921197201296 40.85742266131236, -73.91921197201296 40.85232672824964, -73.92594933664385 40.85232672824964))","[18, 33]"
244,244,"POLYGON ((-73.92594933664385 40.85742266131236, -73.92594933664385 40.86251820238868, -73.91921197201296 40.86251820238868, -73.91921197201296 40.85742266131236, -73.92594933664385 40.85742266131236))","[18, 34]"
245,245,"POLYGON ((-73.92594933664385 40.86251820238868, -73.92594933664385 40.86761335146846, -73.91921197201296 40.86761335146846, -73.91921197201296 40.86251820238868, -73.92594933664385 40.86251820238868))","[18, 35]"
246,246,"POLYGON ((-73.92594933664385 40.86761335146846, -73.92594933664385 40.87270810854157, -73.91921197201296 40.87270810854157, -73.91921197201296 40.86761335146846, -73.92594933664385 40.86761335146846))","[18, 36]"
247,247,"POLYGON ((-73.92594933664385 40.87270810854157, -73.92594933664385 40.87780247359788, -73.91921197201296 40.87780247359788, -73.91921197201296 40.87270810854157, -73.92594933664385 40.87270810854157))","[18, 37]"
248,248,"POLYGON ((-73.91921197201296 40.78604393231313, -73.91921197201296 40.79114496026963, -73.91247460738207 40.79114496026963, -73.91247460738207 40.78604393231313, -73.91921197201296 40.78604393231313))","[19, 20]"
249,249,"POLYGON ((-73.91921197201296 40.79114496026963, -73.91921197201296 40.79624559637284, -73.91247460738207 40.79624559637284, -73.91247460738207 40.79114496026963, -73.91921197201296 40.79114496026963))","[19, 21]"
250,250,"POLYGON ((-73.91921197201296 40.79624559637284, -73.91921197201296 40.80134584061246, -73.91247460738207 40.80134584061246, -73.91247460738207 40.79624559637284, -73.91921197201296 40.79624559637284))","[19, 22]"
251,251,"POLYGON ((-73.91921197201296 40.85742266131236, -73.91921197201296 40.86251820238868, -73.91247460738207 40.86251820238868, -73.91247460738207 40.85742266131236, -73.91921197201296 40.85742266131236))","[19, 34]"
252,252,"POLYGON ((-73.91921197201296 40.86251820238868, -73.91921197201296 40.86761335146846, -73.91247460738207 40.86761335146846, -73.91247460738207 40.86251820238868, -73.91921197201296 40.86251820238868))","[19, 35]"
253,253,"POLYGON ((-73.91921197201296 40.86761335146846, -73.91921197201296 40.87270810854157, -73.91247460738207 40.87270810854157, -73.91247460738207 40.86761335146846, -73.91921197201296 40.86761335146846))","[19, 36]"
254,254,"POLYGON ((-73.91921197201296 40.87270810854157, -73.91921197201296 40.87780247359788, -73.91247460738207 40.87780247359788, -73.91247460738207 40.87270810854157, -73.91921197201296 40.87270810854157))","[19, 37]"
255,255,"POLYGON ((-73.91921197201296 40.87780247359788, -73.91921197201296 40.88289644662729, -73.91247460738207 40.88289644662729, -73.91247460738207 40.87780247359788, -73.91921197201296 40.87780247359788))","[19, 38]"
256,256,"POLYGON ((-73.91247460738207 40.86251820238868, -73.91247460738207 40.86761335146846, -73.90573724275116 40.86761335146846, -73.90573724275116 40.86251820238868, -73.91247460738207 40.86251820238868))","[20, 35]"
257,257,"POLYGON ((-73.91247460738207 40.86761335146846, -73.91247460738207 40.87270810854157, -73.90573724275116 40.87270810854157, -73.90573724275116 40.86761335146846, -73.91247460738207 40.86761335146846))","[20, 36]"
258,258,"POLYGON ((-73.91247460738207 40.87270810854157, -73.91247460738207 40.87780247359788, -73.90573724275116 40.87780247359788, -73.90573724275116 40.87270810854157, -73.91247460738207 40.87270810854157))","[20, 37]"
259,259,"POLYGON ((-73.91247460738207 40.87780247359788, -73.91247460738207 40.88289644662729, -73.90573724275116 40.88289644662729, -73.90573724275116 40.87780247359788, -73.91247460738207 40.87780247359788))","[20, 38]"
